postcode,city,state,state_code
68000,Ampang,Selangor,SGR
43650,Bandar Baru Bangi,Selangor,SGR
42300,Bandar Puncak Alam,Selangor,SGR
43600,Bangi,Selangor,SGR
42700,Banting,Selangor,SGR
45600,Batang Berjuntai,Selangor,SGR
45607,Batang Berjuntai,Selangor,SGR
45609,Batang Berjuntai,Selangor,SGR
45620,Batang Berjuntai,Selangor,SGR
45630,Batang Berjuntai,Selangor,SGR
44300,Batang Kali,Selangor,SGR
44309,Batang Kali,Selangor,SGR
44330,Batang Kali,Selangor,SGR
68100,Batu Caves,Selangor,SGR
43700,Beranang,Selangor,SGR
43701,Beranang,Selangor,SGR
45700,Bukit Rotan,Selangor,SGR
43200,Cheras,Selangor,SGR
43207,Cheras,Selangor,SGR
63000,Cyberjaya,Selangor,SGR
63100,Cyberjaya,Selangor,SGR
63200,Cyberjaya,Selangor,SGR
63300,Cyberjaya,Selangor,SGR
43800,Dengkil,Selangor,SGR
43807,Dengkil,Selangor,SGR
43100,Hulu Langat,Selangor,SGR
42600,Jenjarom,Selangor,SGR
42610,Jenjarom,Selangor,SGR
42619,Jenjarom,Selangor,SGR
45800,Jeram,Selangor,SGR
64000,KLIA,Selangor,SGR
43000,Kajang,Selangor,SGR
43007,Kajang,Selangor,SGR
43009,Kajang,Selangor,SGR
43558,Kajang,Selangor,SGR
42200,Kapar,Selangor,SGR
42209,Kapar,Selangor,SGR
44100,Kerling,Selangor,SGR
41000,Klang,Selangor,SGR
41050,Klang,Selangor,SGR
41070,Klang,Selangor,SGR
41100,Klang,Selangor,SGR
41150,Klang,Selangor,SGR
41160,Klang,Selangor,SGR
41200,Klang,Selangor,SGR
41205,Klang,Selangor,SGR
41250,Klang,Selangor,SGR
41299,Klang,Selangor,SGR
41300,Klang,Selangor,SGR
41301,Klang,Selangor,SGR
41400,Klang,Selangor,SGR
41500,Klang,Selangor,SGR
41506,Klang,Selangor,SGR
41560,Klang,Selangor,SGR
41586,Klang,Selangor,SGR
41600,Klang,Selangor,SGR
41670,Klang,Selangor,SGR
41672,Klang,Selangor,SGR
41700,Klang,Selangor,SGR
41710,Klang,Selangor,SGR
41720,Klang,Selangor,SGR
41730,Klang,Selangor,SGR
41750,Klang,Selangor,SGR
41780,Klang,Selangor,SGR
41900,Klang,Selangor,SGR
41902,Klang,Selangor,SGR
41904,Klang,Selangor,SGR
41906,Klang,Selangor,SGR
41908,Klang,Selangor,SGR
41910,Klang,Selangor,SGR
41912,Klang,Selangor,SGR
41914,Klang,Selangor,SGR
41916,Klang,Selangor,SGR
41918,Klang,Selangor,SGR
41990,Klang,Selangor,SGR
42100,Klang,Selangor,SGR
42150,Klang,Selangor,SGR
44000,Kuala Kubu Baru,Selangor,SGR
44010,Kuala Kubu Baru,Selangor,SGR
44020,Kuala Kubu Baru,Selangor,SGR
44110,Kuala Kubu Baru,Selangor,SGR
45000,Kuala Selangor,Selangor,SGR
45010,Kuala Selangor,Selangor,SGR
42000,Pelabuhan Klang,Selangor,SGR
42007,Pelabuhan Klang,Selangor,SGR
42008,Pelabuhan Klang,Selangor,SGR
42009,Pelabuhan Klang,Selangor,SGR
46000,Petaling Jaya,Selangor,SGR
46040,Petaling Jaya,Selangor,SGR
46050,Petaling Jaya,Selangor,SGR
46080,Petaling Jaya,Selangor,SGR
46100,Petaling Jaya,Selangor,SGR
46150,Petaling Jaya,Selangor,SGR
46160,Petaling Jaya,Selangor,SGR
46200,Petaling Jaya,Selangor,SGR
46300,Petaling Jaya,Selangor,SGR
46350,Petaling Jaya,Selangor,SGR
46400,Petaling Jaya,Selangor,SGR
46460,Petaling Jaya,Selangor,SGR
46500,Petaling Jaya,Selangor,SGR
46505,Petaling Jaya,Selangor,SGR
46506,Petaling Jaya,Selangor,SGR
46510,Petaling Jaya,Selangor,SGR
46547,Petaling Jaya,Selangor,SGR
46549,Petaling Jaya,Selangor,SGR
46551,Petaling Jaya,Selangor,SGR
46564,Petaling Jaya,Selangor,SGR
46582,Petaling Jaya,Selangor,SGR
46598,Petaling Jaya,Selangor,SGR
46662,Petaling Jaya,Selangor,SGR
46667,Petaling Jaya,Selangor,SGR
46668,Petaling Jaya,Selangor,SGR
46672,Petaling Jaya,Selangor,SGR
46675,Petaling Jaya,Selangor,SGR
46692,Petaling Jaya,Selangor,SGR
46700,Petaling Jaya,Selangor,SGR
46710,Petaling Jaya,Selangor,SGR
46720,Petaling Jaya,Selangor,SGR
46730,Petaling Jaya,Selangor,SGR
46740,Petaling Jaya,Selangor,SGR
46750,Petaling Jaya,Selangor,SGR
46760,Petaling Jaya,Selangor,SGR
46770,Petaling Jaya,Selangor,SGR
46780,Petaling Jaya,Selangor,SGR
46781,Petaling Jaya,Selangor,SGR
46782,Petaling Jaya,Selangor,SGR
46783,Petaling Jaya,Selangor,SGR
46784,Petaling Jaya,Selangor,SGR
46785,Petaling Jaya,Selangor,SGR
46786,Petaling Jaya,Selangor,SGR
46787,Petaling Jaya,Selangor,SGR
46788,Petaling Jaya,Selangor,SGR
46789,Petaling Jaya,Selangor,SGR
46790,Petaling Jaya,Selangor,SGR
46791,Petaling Jaya,Selangor,SGR
46792,Petaling Jaya,Selangor,SGR
46793,Petaling Jaya,Selangor,SGR
46794,Petaling Jaya,Selangor,SGR
46795,Petaling Jaya,Selangor,SGR
46796,Petaling Jaya,Selangor,SGR
46797,Petaling Jaya,Selangor,SGR
46798,Petaling Jaya,Selangor,SGR
46799,Petaling Jaya,Selangor,SGR
46800,Petaling Jaya,Selangor,SGR
46801,Petaling Jaya,Selangor,SGR
46802,Petaling Jaya,Selangor,SGR
46803,Petaling Jaya,Selangor,SGR
46804,Petaling Jaya,Selangor,SGR
46805,Petaling Jaya,Selangor,SGR
46806,Petaling Jaya,Selangor,SGR
46860,Petaling Jaya,Selangor,SGR
46870,Petaling Jaya,Selangor,SGR
46960,Petaling Jaya,Selangor,SGR
46962,Petaling Jaya,Selangor,SGR
46964,Petaling Jaya,Selangor,SGR
46966,Petaling Jaya,Selangor,SGR
46968,Petaling Jaya,Selangor,SGR
46970,Petaling Jaya,Selangor,SGR
46972,Petaling Jaya,Selangor,SGR
46974,Petaling Jaya,Selangor,SGR
46976,Petaling Jaya,Selangor,SGR
46978,Petaling Jaya,Selangor,SGR
46990,Petaling Jaya,Selangor,SGR
47300,Petaling Jaya,Selangor,SGR
47301,Petaling Jaya,Selangor,SGR
47304,Petaling Jaya,Selangor,SGR
47307,Petaling Jaya,Selangor,SGR
47308,Petaling Jaya,Selangor,SGR
47309,Petaling Jaya,Selangor,SGR
47310,Petaling Jaya,Selangor,SGR
47400,Petaling Jaya,Selangor,SGR
47410,Petaling Jaya,Selangor,SGR
47430,Petaling Jaya,Selangor,SGR
47800,Petaling Jaya,Selangor,SGR
47801,Petaling Jaya,Selangor,SGR
47810,Petaling Jaya,Selangor,SGR
47820,Petaling Jaya,Selangor,SGR
47829,Petaling Jaya,Selangor,SGR
47830,Petaling Jaya,Selangor,SGR
47850,Petaling Jaya,Selangor,SGR
47100,Puchong,Selangor,SGR
47110,Puchong,Selangor,SGR
47120,Puchong,Selangor,SGR
47130,Puchong,Selangor,SGR
47140,Puchong,Selangor,SGR
47150,Puchong,Selangor,SGR
47160,Puchong,Selangor,SGR
47170,Puchong,Selangor,SGR
47180,Puchong,Selangor,SGR
47190,Puchong,Selangor,SGR
42960,Pulau Carey,Selangor,SGR
42999,Pulau Carey,Selangor,SGR
42900,Pulau Indah,Selangor,SGR
42907,Pulau Indah,Selangor,SGR
42920,Pulau Indah,Selangor,SGR
42940,Pulau Ketam,Selangor,SGR
44200,Rasa,Selangor,SGR
48000,Rawang,Selangor,SGR
48009,Rawang,Selangor,SGR
48010,Rawang,Selangor,SGR
48020,Rawang,Selangor,SGR
48050,Rawang,Selangor,SGR
48100,Rawang,Selangor,SGR
48300,Rawang,Selangor,SGR
48302,Rawang,Selangor,SGR
45200,Sabak Bernam,Selangor,SGR
45207,Sabak Bernam,Selangor,SGR
45209,Sabak Bernam,Selangor,SGR
45400,Sekinchan,Selangor,SGR
43500,Semenyih,Selangor,SGR
43900,Sepang,Selangor,SGR
43400,Serdang,Selangor,SGR
48200,Serendah,Selangor,SGR
48250,Serendah,Selangor,SGR
43300,Seri Kembangan,Selangor,SGR
43399,Seri Kembangan,Selangor,SGR
40000,Shah Alam,Selangor,SGR
40100,Shah Alam,Selangor,SGR
40140,Shah Alam,Selangor,SGR
40150,Shah Alam,Selangor,SGR
40160,Shah Alam,Selangor,SGR
40169,Shah Alam,Selangor,SGR
40170,Shah Alam,Selangor,SGR
40179,Shah Alam,Selangor,SGR
40200,Shah Alam,Selangor,SGR
40250,Shah Alam,Selangor,SGR
40300,Shah Alam,Selangor,SGR
40350,Shah Alam,Selangor,SGR
40400,Shah Alam,Selangor,SGR
40409,Shah Alam,Selangor,SGR
40410,Shah Alam,Selangor,SGR
40440,Shah Alam,Selangor,SGR
40450,Shah Alam,Selangor,SGR
40460,Shah Alam,Selangor,SGR
40470,Shah Alam,Selangor,SGR
40490,Shah Alam,Selangor,SGR
40500,Shah Alam,Selangor,SGR
40502,Shah Alam,Selangor,SGR
40503,Shah Alam,Selangor,SGR
40505,Shah Alam,Selangor,SGR
40512,Shah Alam,Selangor,SGR
40517,Shah Alam,Selangor,SGR
40520,Shah Alam,Selangor,SGR
40529,Shah Alam,Selangor,SGR
40542,Shah Alam,Selangor,SGR
40548,Shah Alam,Selangor,SGR
40550,Shah Alam,Selangor,SGR
40551,Shah Alam,Selangor,SGR
40560,Shah Alam,Selangor,SGR
40564,Shah Alam,Selangor,SGR
40570,Shah Alam,Selangor,SGR
40572,Shah Alam,Selangor,SGR
40576,Shah Alam,Selangor,SGR
40578,Shah Alam,Selangor,SGR
40582,Shah Alam,Selangor,SGR
40590,Shah Alam,Selangor,SGR
40592,Shah Alam,Selangor,SGR
40594,Shah Alam,Selangor,SGR
40596,Shah Alam,Selangor,SGR
40598,Shah Alam,Selangor,SGR
40600,Shah Alam,Selangor,SGR
40604,Shah Alam,Selangor,SGR
40607,Shah Alam,Selangor,SGR
40608,Shah Alam,Selangor,SGR
40610,Shah Alam,Selangor,SGR
40612,Shah Alam,Selangor,SGR
40620,Shah Alam,Selangor,SGR
40622,Shah Alam,Selangor,SGR
40626,Shah Alam,Selangor,SGR
40630,Shah Alam,Selangor,SGR
40632,Shah Alam,Selangor,SGR
40646,Shah Alam,Selangor,SGR
40648,Shah Alam,Selangor,SGR
40650,Shah Alam,Selangor,SGR
40660,Shah Alam,Selangor,SGR
40664,Shah Alam,Selangor,SGR
40670,Shah Alam,Selangor,SGR
40672,Shah Alam,Selangor,SGR
40673,Shah Alam,Selangor,SGR
40674,Shah Alam,Selangor,SGR
40675,Shah Alam,Selangor,SGR
40676,Shah Alam,Selangor,SGR
40680,Shah Alam,Selangor,SGR
40690,Shah Alam,Selangor,SGR
40700,Shah Alam,Selangor,SGR
40702,Shah Alam,Selangor,SGR
40704,Shah Alam,Selangor,SGR
40706,Shah Alam,Selangor,SGR
40708,Shah Alam,Selangor,SGR
40710,Shah Alam,Selangor,SGR
40712,Shah Alam,Selangor,SGR
40714,Shah Alam,Selangor,SGR
40716,Shah Alam,Selangor,SGR
40718,Shah Alam,Selangor,SGR
40720,Shah Alam,Selangor,SGR
40722,Shah Alam,Selangor,SGR
40724,Shah Alam,Selangor,SGR
40726,Shah Alam,Selangor,SGR
40728,Shah Alam,Selangor,SGR
40730,Shah Alam,Selangor,SGR
40732,Shah Alam,Selangor,SGR
40800,Shah Alam,Selangor,SGR
40802,Shah Alam,Selangor,SGR
40804,Shah Alam,Selangor,SGR
40806,Shah Alam,Selangor,SGR
40808,Shah Alam,Selangor,SGR
40810,Shah Alam,Selangor,SGR
40900,Shah Alam,Selangor,SGR
40912,Shah Alam,Selangor,SGR
40915,Shah Alam,Selangor,SGR
40990,Shah Alam,Selangor,SGR
42450,Shah Alam,Selangor,SGR
47200,Subang Airport,Selangor,SGR
47210,Subang Airport,Selangor,SGR
47500,Subang Jaya,Selangor,SGR
47507,Subang Jaya,Selangor,SGR
47510,Subang Jaya,Selangor,SGR
47600,Subang Jaya,Selangor,SGR
47601,Subang Jaya,Selangor,SGR
47610,Subang Jaya,Selangor,SGR
47618,Subang Jaya,Selangor,SGR
47620,Subang Jaya,Selangor,SGR
47630,Subang Jaya,Selangor,SGR
47640,Subang Jaya,Selangor,SGR
47650,Subang Jaya,Selangor,SGR
55555,Subang Jaya,Selangor,SGR
45100,Sungai Ayer Tawar,Selangor,SGR
45300,Sungai Besar,Selangor,SGR
47000,Sungai Buloh,Selangor,SGR
47020,Sungai Buloh,Selangor,SGR
47031,Sungai Buloh,Selangor,SGR
43950,Sungai Pelek,Selangor,SGR
43999,Sungai Pelek,Selangor,SGR
45500,Tanjong Karang,Selangor,SGR
42800,Tanjong Sepat,Selangor,SGR
42425,Telok Panglima Garang,Selangor,SGR
42500,Telok Panglima Garang,Selangor,SGR
42507,Telok Panglima Garang,Selangor,SGR
42509,Telok Panglima Garang,Selangor,SGR
