{
  "name": "Kedah",
  "code": "KDH",
  "cities": [
    {
      "name": "Alor Setar",
      "postcodes": [
        "05000",
        "05050",
        "05100",
        "05150",
        "05200",
        "05250",
        "05300",
        "05350",
        "05400",
        "05450",
        "05460",
        "05500",
        "05502",
        "05503",
        "05504",
        "05505",
        "05506",
        "05508",
        "05512",
        "05514",
        "05516",
        "05517",
        "05518",
        "05520",
        "05532",
        "05534",
        "05536",
        "05538",
        "05550",
        "05551",
        "05552",
        "05556",
        "05558",
        "05560",
        "05564",
        "05576",
        "05578",
        "05580",
        "05582",
        "05586",
        "05590",
        "05592",
        "05594",
        "05600",
        "05604",
        "05610",
        "05612",
        "05614",
        "05620",
        "05621",
        "05622",
        "05626",
        "05628",
        "05630",
        "05632",
        "05644",
        "05660",
        "05661",
        "05664",
        "05670",
        "05672",
        "05673",
        "05674",
        "05675",
        "05676",
        "05680",
        "05690",
        "05696",
        "05700",
        "05710",
        "05720",
        "05990",
        "06250",
        "06509",
        "06550",
        "06570",
        "06660"
      ]
    },
    {
      "name": "Ayer Hitam",
      "postcodes": [
        "06150"
      ]
    },
    {
      "name": "Baling",
      "postcodes": [
        "09100"
      ]
    },
    {
      "name": "Bandar Baharu",
      "postcodes": [
        "34950"
      ]
    },
    {
      "name": "Bandar Bahru",
      "postcodes": [
        "14290",
        "14390"
      ]
    },
    {
      "name": "Bedong",
      "postcodes": [
        "08100",
        "08110"
      ]
    },
    {
      "name": "Bukit Kayu Hitam",
      "postcodes": [
        "06050"
      ]
    },
    {
      "name": "Changloon",
      "postcodes": [
        "06010"
      ]
    },
    {
      "name": "Gurun",
      "postcodes": [
        "08300",
        "08330",
        "08800"
      ]
    },
    {
      "name": "Jeniang",
      "postcodes": [
        "08320",
        "08700"
      ]
    },
    {
      "name": "Jitra",
      "postcodes": [
        "06000",
        "06007",
        "06009"
      ]
    },
    {
      "name": "Karangan",
      "postcodes": [
        "09700"
      ]
    },
    {
      "name": "Kepala Batas",
      "postcodes": [
        "06200",
        "06207",
        "06209"
      ]
    },
    {
      "name": "Kodiang",
      "postcodes": [
        "06100"
      ]
    },
    {
      "name": "Kota Kuala Muda",
      "postcodes": [
        "08500",
        "08507",
        "08509"
      ]
    },
    {
      "name": "Kota Sarang Semut",
      "postcodes": [
        "06800"
      ]
    },
    {
      "name": "Kuala Kedah",
      "postcodes": [
        "06600"
      ]
    },
    {
      "name": "Kuala Ketil",
      "postcodes": [
        "09300",
        "09310"
      ]
    },
    {
      "name": "Kuala Nerang",
      "postcodes": [
        "06300"
      ]
    },
    {
      "name": "Kuala Pegang",
      "postcodes": [
        "09110"
      ]
    },
    {
      "name": "Kulim",
      "postcodes": [
        "09000",
        "09007",
        "09009",
        "09010",
        "09020"
      ]
    },
    {
      "name": "Kupang",
      "postcodes": [
        "09200"
      ]
    },
    {
      "name": "Langgar",
      "postcodes": [
        "06500",
        "06507"
      ]
    },
    {
      "name": "Langkawi",
      "postcodes": [
        "07000",
        "07007",
        "07009",
        "07100"
      ]
    },
    {
      "name": "Lunas",
      "postcodes": [
        "09600"
      ]
    },
    {
      "name": "Merbok",
      "postcodes": [
        "08400",
        "08407",
        "08409"
      ]
    },
    {
      "name": "Padang Serai",
      "postcodes": [
        "09400",
        "09410"
      ]
    },
    {
      "name": "Pendang",
      "postcodes": [
        "06700",
        "06707",
        "06709",
        "06710",
        "06720",
        "06750",
        "06760"
      ]
    },
    {
      "name": "Pokok Sena",
      "postcodes": [
        "06350",
        "06400"
      ]
    },
    {
      "name": "Serdang",
      "postcodes": [
        "09800",
        "09810"
      ]
    },
    {
      "name": "Sik",
      "postcodes": [
        "08200",
        "08210",
        "08340"
      ]
    },
    {
      "name": "Simpang Empat",
      "postcodes": [
        "06650",
        "06680"
      ]
    },
    {
      "name": "Sungai Petani",
      "postcodes": [
        "08000",
        "08007",
        "08009",
        "08010",
        "08600"
      ]
    },
    {
      "name": "Yan",
      "postcodes": [
        "06900",
        "06910"
      ]
    }
  ]
}